Epoch,Training accuracy,Validation accuracy
1,11.650002002716064,12.604165077209473
2,14.300000667572021,12.916666269302368
3,13.099998235702515,14.166665077209473
4,15.299999713897705,15.208333730697632
5,16.350001096725464,13.437497615814209
6,16.649997234344482,16.66666865348816
7,15.450000762939453,15.833336114883423
8,18.300002813339233,16.14583134651184
9,16.100001335144043,16.14583134651184
10,15.549999475479126,14.999997615814209
11,18.34999918937683,16.458332538604736
12,16.100001335144043,14.895832538604736
13,13.099998235702515,14.791667461395264
14,16.200000047683716,16.458332538604736
15,18.34999918937683,17.81250238418579
16,17.69999861717224,17.604166269302368
17,16.750001907348633,16.770833730697632
18,17.000001668930054,17.604166269302368
19,16.79999828338623,18.75
20,16.200000047683716,14.999997615814209
21,17.000001668930054,17.916667461395264
22,17.84999966621399,16.979163885116577
23,17.1999990940094,17.291665077209473
24,18.34999918937683,17.1875
25,18.34999918937683,16.979163885116577
26,16.600000858306885,16.979163885116577
27,16.79999828338623,15.937501192092896
28,17.250001430511475,16.458332538604736
29,18.000000715255737,16.354167461395264
30,18.000000715255737,17.70833134651184
31,19.300001859664917,18.12499761581421
32,17.69999861717224,17.81250238418579
33,17.84999966621399,17.083334922790527
34,19.199997186660767,16.66666865348816
35,17.650002241134644,16.979163885116577
36,18.300002813339233,16.874998807907104
37,15.799999237060547,15.208333730697632
38,20.3499972820282,18.958336114883423
39,18.800002336502075,16.56249761581421
40,18.650001287460327,16.770833730697632
41,18.800002336502075,17.1875
42,16.699999570846558,14.166665077209473
43,17.04999804496765,15.937501192092896
44,18.50000023841858,16.458332538604736
45,17.549997568130493,16.458332538604736
46,18.049997091293335,16.25000238418579
47,18.34999918937683,16.354167461395264
48,18.650001287460327,16.25000238418579
49,18.75,16.66666865348816
50,19.499999284744263,16.66666865348816
51,19.849997758865356,17.1875
52,19.450002908706665,17.395836114883423
53,21.35000228881836,18.12499761581421
54,13.899999856948853,12.916666269302368
55,17.84999966621399,16.770833730697632
56,19.550001621246338,16.979163885116577
57,20.099997520446777,17.291665077209473
58,18.550002574920654,16.770833730697632
59,19.80000138282776,17.1875
60,19.950002431869507,16.770833730697632
61,19.199997186660767,17.604166269302368
62,19.199997186660767,16.770833730697632
63,20.749998092651367,18.020832538604736
64,20.399999618530273,17.395836114883423
65,20.999997854232788,18.12499761581421
66,20.249998569488525,17.916667461395264
67,19.90000009536743,17.604166269302368
68,20.05000114440918,18.020832538604736
69,21.050000190734863,17.291665077209473
70,17.84999966621399,17.604166269302368
71,19.249999523162842,16.66666865348816
72,20.95000147819519,19.79166865348816
73,19.499999284744263,18.020832538604736
74,18.09999942779541,17.916667461395264
75,19.349998235702515,17.395836114883423
76,19.499999284744263,18.541663885116577
77,22.25000262260437,19.166666269302368
78,19.700002670288086,19.79166865348816
79,19.65000033378601,17.291665077209473
80,21.35000228881836,19.895833730697632
81,15.10000228881836,14.895832538604736
82,18.949997425079346,16.041666269302368
83,20.3000009059906,17.500001192092896
84,20.45000195503235,17.916667461395264
85,21.149998903274536,18.645834922790527
86,19.950002431869507,18.333333730697632
87,21.74999713897705,18.22916865348816
88,19.849997758865356,17.500001192092896
89,21.149998903274536,19.166666269302368
90,21.399998664855957,17.291665077209473
91,21.149998903274536,17.1875
92,20.3000009059906,18.541663885116577
93,21.649998426437378,18.645834922790527
94,20.999997854232788,18.958336114883423
95,20.800000429153442,17.70833134651184
96,22.14999794960022,17.81250238418579
97,20.800000429153442,19.27083134651184
98,21.700000762939453,19.79166865348816
99,21.8500018119812,17.916667461395264
100,21.450001001358032,18.22916865348816
101,15.850001573562622,14.687502384185791
102,19.950002431869507,18.541663885116577
103,18.199998140335083,17.604166269302368
104,18.900001049041748,18.645834922790527
105,21.10000252723694,19.37500238418579
106,17.350000143051147,15.937501192092896
107,20.749998092651367,19.166666269302368
108,21.8999981880188,19.166666269302368
109,19.40000057220459,16.041666269302368
110,19.80000138282776,18.437498807907104
111,20.249998569488525,17.604166269302368
112,20.749998092651367,18.541663885116577
113,19.950002431869507,19.166666269302368
114,21.799999475479126,18.020832538604736
115,21.60000205039978,19.583332538604736
116,22.049999237060547,19.37500238418579
117,19.700002670288086,16.041666269302368
118,22.50000238418579,20.520836114883423
119,22.00000286102295,19.895833730697632
120,21.35000228881836,19.062501192092896
121,16.449999809265137,14.999997615814209
122,18.34999918937683,16.14583134651184
123,19.450002908706665,17.291665077209473
124,19.700002670288086,17.604166269302368
125,19.599997997283936,18.645834922790527
126,19.65000033378601,16.979163885116577
127,20.850002765655518,18.645834922790527
128,22.00000286102295,18.541663885116577
129,21.24999761581421,20.104163885116577
130,20.499998331069946,18.22916865348816
131,20.399999618530273,18.75
132,19.349998235702515,17.604166269302368
133,22.049999237060547,18.75
134,18.400001525878906,17.291665077209473
135,18.550002574920654,16.66666865348816
136,18.699997663497925,16.041666269302368
137,19.15000081062317,16.979163885116577
138,16.79999828338623,16.25000238418579
139,18.949997425079346,17.083334922790527
140,20.3499972820282,17.70833134651184
141,20.05000114440918,18.22916865348816
142,20.499998331069946,17.500001192092896
143,20.200002193450928,17.291665077209473
144,20.3000009059906,18.020832538604736
145,19.300001859664917,17.1875
146,21.35000228881836,18.22916865348816
147,21.24999761581421,18.958336114883423
148,15.549999475479126,14.791667461395264
149,18.99999976158142,17.70833134651184
150,20.59999704360962,18.958336114883423
151,19.499999284744263,18.333333730697632
152,21.799999475479126,19.062501192092896
153,19.749999046325684,18.22916865348816
154,17.949998378753662,18.22916865348816
155,19.450002908706665,16.56249761581421
156,20.899999141693115,17.81250238418579
157,20.59999704360962,18.541663885116577
158,20.800000429153442,18.645834922790527
159,20.200002193450928,19.27083134651184
160,21.399998664855957,18.75
161,23.350000381469727,20.3125
162,20.099997520446777,19.37500238418579
163,18.199998140335083,18.22916865348816
164,20.05000114440918,20.3125
165,21.950000524520874,20.3125
166,20.800000429153442,18.645834922790527
167,21.10000252723694,20.104163885116577
168,22.50000238418579,19.27083134651184
169,22.00000286102295,19.895833730697632
170,21.299999952316284,19.999998807907104
171,23.549997806549072,21.041667461395264
172,20.95000147819519,21.145832538604736
173,20.55000066757202,18.958336114883423
174,19.700002670288086,20.208334922790527
175,21.950000524520874,21.24999761581421
176,22.350001335144043,20.3125
177,20.899999141693115,20.416665077209473
178,22.00000286102295,21.145832538604736
179,23.29999804496765,20.93750238418579
180,22.450000047683716,21.666663885116577
181,19.849997758865356,17.500001192092896
182,22.699999809265137,19.68749761581421
183,21.8999981880188,18.541663885116577
184,22.79999852180481,19.166666269302368
185,23.250001668930054,19.895833730697632
186,22.299998998641968,20.3125
187,22.14999794960022,19.062501192092896
188,16.94999933242798,17.291665077209473
189,19.950002431869507,18.437498807907104
190,21.299999952316284,19.895833730697632
191,21.549999713897705,19.166666269302368
192,21.649998426437378,19.37500238418579
193,21.8999981880188,19.479167461395264
194,23.650002479553223,17.604166269302368
195,23.69999885559082,18.22916865348816
196,22.949999570846558,18.75
197,21.8500018119812,19.062501192092896
198,21.20000123977661,20.83333134651184
199,22.350001335144043,19.479167461395264
200,18.550002574920654,15.625
201,20.59999704360962,19.27083134651184
202,18.300002813339233,16.354167461395264
203,19.349998235702515,18.22916865348816
204,19.80000138282776,18.12499761581421
205,21.24999761581421,18.958336114883423
206,19.999998807907104,18.645834922790527
207,20.05000114440918,18.854165077209473
208,22.14999794960022,18.958336114883423
209,21.799999475479126,18.958336114883423
210,21.399998664855957,18.020832538604736
211,22.54999876022339,19.68749761581421
212,21.649998426437378,20.416665077209473
213,24.900001287460327,20.104163885116577
214,23.900002241134644,19.37500238418579
215,23.750001192092896,20.729166269302368
216,20.3000009059906,19.895833730697632
217,22.299998998641968,21.562498807907104
218,22.25000262260437,21.458333730697632
219,21.950000524520874,21.875
220,17.04999804496765,15.729165077209473
221,21.700000762939453,18.645834922790527
222,20.749998092651367,18.854165077209473
223,16.79999828338623,15.729165077209473
224,19.749999046325684,17.291665077209473
225,18.400001525878906,18.333333730697632
226,17.100000381469727,17.395836114883423
227,20.099997520446777,18.22916865348816
228,20.499998331069946,18.75
229,20.099997520446777,18.645834922790527
230,20.099997520446777,19.583332538604736
231,20.850002765655518,19.68749761581421
232,20.3499972820282,20.104163885116577
233,20.499998331069946,19.79166865348816
234,21.8500018119812,20.104163885116577
235,20.55000066757202,20.416665077209473
236,19.550001621246338,17.81250238418579
237,19.199997186660767,17.70833134651184
238,19.550001621246338,19.583332538604736
239,19.599997997283936,18.645834922790527
240,20.249998569488525,18.437498807907104
241,19.849997758865356,18.645834922790527
242,20.649999380111694,19.062501192092896
243,21.299999952316284,18.22916865348816
244,20.850002765655518,20.416665077209473
245,19.300001859664917,19.79166865348816
246,20.499998331069946,19.895833730697632
247,21.549999713897705,20.520836114883423
248,20.850002765655518,20.416665077209473
249,20.649999380111694,19.999998807907104
250,22.049999237060547,20.93750238418579
251,21.74999713897705,20.3125
252,20.649999380111694,20.83333134651184
253,23.250001668930054,21.24999761581421
254,23.799997568130493,20.208334922790527
255,21.74999713897705,20.3125
256,15.600001811981201,14.479166269302368
257,23.000001907348633,20.208334922790527
258,20.499998331069946,18.12499761581421
259,17.100000381469727,15.208333730697632
260,19.099998474121094,17.70833134651184
261,18.550002574920654,17.395836114883423
262,16.39999747276306,13.437497615814209
263,20.55000066757202,15.833336114883423
264,20.3000009059906,16.14583134651184
265,20.800000429153442,16.56249761581421
266,20.55000066757202,16.56249761581421
267,20.55000066757202,17.500001192092896
268,21.399998664855957,19.895833730697632
269,21.399998664855957,19.68749761581421
270,22.350001335144043,18.958336114883423
271,20.850002765655518,18.854165077209473
272,12.900000810623169,16.14583134651184
273,18.09999942779541,18.854165077209473
274,20.850002765655518,20.416665077209473
275,21.299999952316284,21.145832538604736
276,23.250001668930054,20.3125
277,23.799997568130493,20.625001192092896
278,23.19999933242798,20.93750238418579
279,22.600001096725464,20.520836114883423
280,23.350000381469727,21.145832538604736
281,23.549997806549072,19.68749761581421
282,22.25000262260437,21.041667461395264
283,18.650001287460327,18.75
284,20.649999380111694,20.208334922790527
285,24.000000953674316,20.416665077209473
286,22.100001573562622,18.75
287,22.899997234344482,19.27083134651184
288,21.8500018119812,19.895833730697632
289,22.39999771118164,20.208334922790527
290,24.09999966621399,20.208334922790527
291,25.099998712539673,21.041667461395264
292,23.100000619888306,21.875
293,24.199998378753662,21.875
294,24.75000023841858,20.93750238418579
295,24.150002002716064,21.041667461395264
296,22.100001573562622,19.68749761581421
297,24.849998950958252,20.3125
298,25.24999976158142,20.3125
299,24.199998378753662,21.875
300,25.050002336502075,21.35416865348816
301,23.500001430511475,21.562498807907104
302,22.100001573562622,19.999998807907104
303,21.10000252723694,18.22916865348816
304,22.299998998641968,21.458333730697632
305,21.8999981880188,20.93750238418579
306,23.69999885559082,20.520836114883423
307,24.849998950958252,21.979165077209473
308,25.599998235702515,20.93750238418579
309,23.500001430511475,20.729166269302368
310,23.100000619888306,18.645834922790527
311,22.600001096725464,19.479167461395264
312,21.799999475479126,21.041667461395264
313,24.550002813339233,23.020833730697632
314,24.400001764297485,20.729166269302368
315,23.04999828338623,19.999998807907104
316,22.450000047683716,20.3125
317,24.449998140335083,21.145832538604736
318,25.300002098083496,22.187501192092896
319,24.650001525878906,21.666663885116577
320,24.500000476837158,20.625001192092896
321,24.000000953674316,22.39583134651184
322,22.850000858306885,20.625001192092896
323,25.0,23.124998807907104
324,25.999999046325684,22.187501192092896
325,24.199998378753662,22.50000238418579
326,24.59999918937683,24.06250238418579
327,24.09999966621399,22.083336114883423
328,26.80000066757202,23.854166269302368
329,26.5500009059906,22.604167461395264
330,27.45000123977661,22.708332538604736
331,26.249998807907104,23.020833730697632
332,25.950002670288086,22.91666865348816
333,24.800002574920654,21.458333730697632
334,26.15000009536743,23.4375
335,26.499998569488525,21.562498807907104
336,25.349998474121094,22.291666269302368
337,25.349998474121094,22.708332538604736
338,23.750001192092896,20.93750238418579
339,27.799999713897705,24.47916865348816
340,24.500000476837158,22.604167461395264
341,26.899999380111694,23.020833730697632
342,26.249998807907104,24.47916865348816
343,27.399998903274536,23.020833730697632
344,19.950002431869507,19.68749761581421
345,26.099997758865356,23.333334922790527
346,25.050002336502075,21.458333730697632
347,25.050002336502075,24.583333730697632
348,26.099997758865356,23.95833134651184
349,26.249998807907104,23.020833730697632
350,26.200002431869507,23.229163885116577
351,26.5999972820282,22.50000238418579
352,25.700002908706665,21.458333730697632
353,27.399998903274536,24.06250238418579
354,28.1000018119812,23.020833730697632
355,26.899999380111694,23.020833730697632
356,25.950002670288086,22.81249761581421
357,25.999999046325684,22.81249761581421
358,27.49999761581421,23.333334922790527
359,26.30000114440918,22.708332538604736
360,25.65000057220459,22.604167461395264
361,26.5999972820282,23.541665077209473
362,27.249997854232788,23.4375
363,27.399998903274536,22.81249761581421
364,28.1000018119812,23.020833730697632
365,27.950000762939453,24.270832538604736
366,27.35000252723694,23.854166269302368
367,27.249997854232788,22.91666865348816
368,24.900001287460327,21.666663885116577
369,26.05000138282776,23.229163885116577
370,21.149998903274536,19.79166865348816
371,26.999998092651367,23.124998807907104
372,26.5500009059906,22.50000238418579
373,20.59999704360962,18.75
374,29.40000295639038,24.687498807907104
375,25.90000033378601,24.166667461395264
376,27.74999737739563,23.541665077209473
377,28.25000286102295,23.750001192092896
378,20.499998331069946,19.166666269302368
379,25.24999976158142,21.145832538604736
380,26.200002431869507,22.39583134651184
381,26.749998331069946,22.81249761581421
382,28.39999794960022,23.333334922790527
383,27.149999141693115,22.708332538604736
384,27.74999737739563,23.854166269302368
385,28.200000524520874,23.645836114883423
386,28.299999237060547,23.020833730697632
387,27.85000205039978,23.229163885116577
388,29.04999852180481,24.37499761581421
389,30.400002002716064,23.229163885116577
390,29.54999804496765,24.166667461395264
391,28.39999794960022,23.4375
392,31.199997663497925,24.166667461395264
393,28.39999794960022,20.93750238418579
394,28.600001335144043,24.895834922790527
395,27.149999141693115,24.270832538604736
396,26.05000138282776,21.666663885116577
397,28.549998998641968,25.208336114883423
398,22.14999794960022,19.062501192092896
399,27.050000429153442,23.333334922790527
400,27.700001001358032,24.47916865348816
401,28.39999794960022,24.583333730697632
402,29.44999933242798,25.208336114883423
403,28.700000047683716,26.04166865348816
404,27.149999141693115,23.124998807907104
405,29.149997234344482,26.354163885116577
406,30.150002241134644,26.04166865348816
407,30.34999966621399,26.354163885116577
408,29.149997234344482,26.875001192092896
409,28.949999809265137,26.458334922790527
410,28.1000018119812,25.104165077209473
411,29.29999828338623,26.875001192092896
412,29.44999933242798,26.458334922790527
413,30.650001764297485,26.354163885116577
414,26.899999380111694,27.291667461395264
415,30.549997091293335,25.62500238418579
416,31.199997663497925,25.62500238418579
417,31.699997186660767,27.08333134651184
418,27.45000123977661,25.0
419,32.95000195503235,27.08333134651184
420,29.100000858306885,27.49999761581421
421,30.09999990463257,27.291667461395264
422,30.049997568130493,27.08333134651184
423,30.949997901916504,28.64583134651184
424,30.250000953674316,29.270833730697632
425,30.400002002716064,27.18750238418579
426,30.250000953674316,27.60416865348816
427,31.749999523162842,26.666665077209473
428,29.350000619888306,26.04166865348816
429,21.649998426437378,20.520836114883423
430,24.299997091293335,22.291666269302368
431,27.050000429153442,22.187501192092896
432,26.70000195503235,23.4375
433,27.050000429153442,24.270832538604736
434,27.35000252723694,24.166667461395264
435,27.74999737739563,22.39583134651184
436,28.39999794960022,25.0
437,27.950000762939453,25.416666269302368
438,29.6500027179718,24.583333730697632
439,31.300002336502075,25.729167461395264
440,28.79999876022339,25.52083134651184
441,29.40000295639038,25.833332538604736
442,28.450000286102295,25.312501192092896
443,29.6999990940094,26.979166269302368
444,31.699997186660767,26.5625
445,32.40000009536743,26.04166865348816
446,32.200002670288086,26.145833730697632
447,31.699997186660767,26.770836114883423
448,30.400002002716064,26.875001192092896
449,33.24999809265137,26.5625
450,31.999999284744263,27.60416865348816
451,25.0,23.541665077209473
452,27.649998664855957,23.854166269302368
453,27.700001001358032,24.687498807907104
454,31.65000081062317,27.49999761581421
455,32.099997997283936,27.08333134651184
456,29.850000143051147,25.93749761581421
457,30.699998140335083,28.437501192092896
458,32.249999046325684,27.18750238418579
459,31.099998950958252,29.16666865348816
460,31.300002336502075,29.270833730697632
461,33.399999141693115,27.708333730697632
462,31.00000023841858,27.60416865348816
463,32.099997997283936,28.958332538604736
464,23.549997806549072,20.208334922790527
465,29.6500027179718,25.729167461395264
466,30.900001525878906,27.708333730697632
467,31.050002574920654,28.333336114883423
468,32.40000009536743,28.437501192092896
469,32.099997997283936,27.395832538604736
470,31.999999284744263,28.541666269302368
471,31.699997186660767,27.60416865348816
472,32.05000162124634,27.708333730697632
473,34.24999713897705,29.583334922790527
474,33.49999785423279,27.49999761581421
475,32.15000033378601,29.270833730697632
476,34.049999713897705,28.75000238418579
477,30.500000715255737,28.125
478,33.70000123977661,28.333336114883423
479,33.95000100135803,28.64583134651184
480,32.55000114440918,29.583334922790527
481,33.99999737739563,30.20833134651184
482,33.649998903274536,29.06249761581421
483,32.89999961853027,29.16666865348816
484,32.64999985694885,29.791665077209473
485,35.50000190734863,28.333336114883423
486,33.09999704360962,28.020834922790527
487,31.599998474121094,28.437501192092896
488,32.40000009536743,27.708333730697632
489,34.85000133514404,28.437501192092896
490,35.600000619888306,29.06249761581421
491,35.54999828338623,27.708333730697632
492,33.35000276565552,27.812498807907104
493,34.14999842643738,29.374998807907104
494,33.20000171661377,27.812498807907104
495,30.750000476837158,28.125
496,33.09999704360962,28.437501192092896
497,33.49999785423279,28.333336114883423
498,33.99999737739563,28.333336114883423
499,31.849998235702515,28.854167461395264
500,34.64999794960022,29.791665077209473
501,35.39999723434448,28.958332538604736
502,33.649998903274536,27.60416865348816
503,35.25000214576721,29.06249761581421
504,34.10000205039978,28.541666269302368
505,32.8499972820282,29.791665077209473
506,32.70000219345093,28.437501192092896
507,33.70000123977661,29.479163885116577
508,35.100001096725464,29.374998807907104
509,31.800001859664917,28.75000238418579
510,35.100001096725464,28.541666269302368
511,33.70000123977661,28.125
512,34.54999923706055,29.6875
513,33.74999761581421,27.916663885116577
514,26.999998092651367,21.562498807907104
515,30.549997091293335,25.729167461395264
516,31.699997186660767,28.229165077209473
517,23.750001192092896,22.39583134651184
518,30.049997568130493,26.04166865348816
519,31.599998474121094,27.395832538604736
520,30.949997901916504,26.5625
521,31.199997663497925,26.249998807907104
522,33.05000066757202,27.49999761581421
523,31.00000023841858,27.395832538604736
524,31.49999976158142,27.916663885116577
525,32.45000243186951,28.020834922790527
526,33.20000171661377,28.229165077209473
527,33.05000066757202,28.75000238418579
528,33.399999141693115,28.958332538604736
529,35.50000190734863,28.541666269302368
530,35.54999828338623,29.270833730697632
531,34.049999713897705,29.374998807907104
532,33.149999380111694,30.937498807907104
533,34.700000286102295,28.020834922790527
534,33.09999704360962,29.16666865348816
535,35.65000295639038,30.20833134651184
536,32.59999752044678,28.020834922790527
537,36.400002241134644,29.895836114883423
538,25.849997997283936,25.0
539,33.149999380111694,29.06249761581421
540,33.70000123977661,30.000001192092896
541,32.8000009059906,29.374998807907104
542,34.3500018119812,28.437501192092896
543,36.29999756813049,30.20833134651184
544,32.749998569488525,29.479163885116577
545,33.70000123977661,29.6875
546,35.04999876022339,29.374998807907104
547,33.05000066757202,28.125
548,33.35000276565552,29.270833730697632
549,33.149999380111694,29.374998807907104
550,35.39999723434448,30.72916865348816
551,36.15000247955322,29.6875
552,34.79999899864197,30.20833134651184
553,34.3999981880188,30.62499761581421
554,36.34999990463257,30.20833134651184
555,37.09999918937683,30.62499761581421
556,35.14999747276306,28.64583134651184
557,36.400002241134644,30.416667461395264
558,35.750001668930054,30.104166269302368
559,37.150001525878906,31.041663885116577
560,35.39999723434448,29.583334922790527
561,36.400002241134644,30.000001192092896
562,35.19999980926514,27.916663885116577
563,37.550002336502075,30.833333730697632
564,36.69999837875366,29.895836114883423
565,35.00000238418579,29.895836114883423
566,34.10000205039978,29.791665077209473
567,34.50000286102295,29.895836114883423
568,34.3999981880188,28.229165077209473
569,36.69999837875366,30.20833134651184
570,38.24999928474426,31.145834922790527
571,36.84999942779541,28.958332538604736
572,35.9000027179718,31.041663885116577
573,37.05000281333923,29.374998807907104
574,35.50000190734863,30.520832538604736
575,33.89999866485596,29.16666865348816
576,35.44999957084656,30.20833134651184
577,35.04999876022339,29.16666865348816
578,35.600000619888306,28.64583134651184
579,38.999998569488525,29.791665077209473
580,37.94999718666077,29.791665077209473
581,37.699997425079346,30.104166269302368
582,36.84999942779541,30.20833134651184
583,36.15000247955322,29.479163885116577
584,36.650002002716064,30.520832538604736
585,36.04999780654907,29.6875
586,38.55000138282776,28.958332538604736
587,37.800002098083496,30.833333730697632
588,35.79999804496765,30.31250238418579
589,34.85000133514404,30.62499761581421
590,36.29999756813049,29.583334922790527
591,33.649998903274536,29.895836114883423
592,36.250001192092896,30.20833134651184
593,34.14999842643738,29.895836114883423
594,37.00000047683716,29.791665077209473
595,37.05000281333923,28.854167461395264
596,34.75000262260437,30.520832538604736
597,36.900001764297485,30.20833134651184
598,35.9499990940094,31.041663885116577
599,37.99999952316284,32.60416388511658
600,38.24999928474426,30.520832538604736
601,36.84999942779541,30.20833134651184
602,36.84999942779541,32.18749761581421
603,37.34999895095825,30.520832538604736
604,35.750001668930054,29.374998807907104
605,35.85000038146973,30.72916865348816
606,35.85000038146973,30.72916865348816
607,37.34999895095825,30.833333730697632
608,38.55000138282776,30.62499761581421
609,38.499999046325684,31.354165077209473
610,37.65000104904175,31.458336114883423
611,36.650002002716064,30.31250238418579
612,35.85000038146973,30.20833134651184
613,34.3999981880188,31.041663885116577
614,36.94999814033508,30.416667461395264
615,39.399999380111694,30.31250238418579
616,37.90000081062317,30.20833134651184
617,37.300002574920654,30.937498807907104
618,36.650002002716064,31.145834922790527
619,35.65000295639038,28.958332538604736
620,29.6999990940094,24.791663885116577
621,35.39999723434448,28.958332538604736
622,35.9000027179718,29.583334922790527
623,36.799997091293335,30.520832538604736
624,36.19999885559082,30.937498807907104
625,33.74999761581421,29.16666865348816
626,37.550002336502075,30.72916865348816
627,36.69999837875366,30.000001192092896
628,34.79999899864197,28.958332538604736
629,36.75000071525574,31.458336114883423
630,36.44999861717224,30.833333730697632
631,37.5,31.77083134651184
632,35.39999723434448,30.520832538604736
633,36.44999861717224,31.041663885116577
634,37.00000047683716,30.416667461395264
635,37.09999918937683,31.458336114883423
636,37.800002098083496,31.145834922790527
637,37.99999952316284,31.666666269302368
638,39.74999785423279,30.20833134651184
639,37.65000104904175,30.31250238418579
640,39.249998331069946,30.62499761581421
641,37.550002336502075,30.520832538604736
642,36.650002002716064,30.31250238418579
643,36.549997329711914,32.083332538604736
644,38.450002670288086,32.29166865348816
645,39.99999761581421,30.62499761581421
646,37.05000281333923,29.583334922790527
647,38.099998235702515,32.60416388511658
648,36.799997091293335,30.833333730697632
649,37.00000047683716,30.31250238418579
650,37.550002336502075,31.354165077209473
651,36.900001764297485,30.62499761581421
652,38.55000138282776,31.562501192092896
653,36.10000014305115,30.72916865348816
654,34.75000262260437,29.16666865348816
655,35.85000038146973,30.20833134651184
656,36.44999861717224,30.520832538604736
657,38.80000114440918,30.416667461395264
658,38.89999985694885,30.104166269302368
659,40.14999866485596,32.29166865348816
660,38.80000114440918,30.520832538604736
661,37.849998474121094,30.62499761581421
662,38.099998235702515,29.895836114883423
663,38.15000057220459,30.31250238418579
664,31.400001049041748,26.354163885116577
665,36.34999990463257,30.31250238418579
666,38.099998235702515,30.416667461395264
667,36.250001192092896,30.833333730697632
668,36.75000071525574,30.20833134651184
669,38.24999928474426,31.354165077209473
670,33.74999761581421,29.16666865348816
671,37.09999918937683,30.72916865348816
672,37.699997425079346,31.041663885116577
673,38.15000057220459,29.583334922790527
674,39.0500009059906,31.87500238418579
675,37.94999718666077,30.520832538604736
676,38.05000185966492,29.6875
677,38.70000243186951,30.416667461395264
678,34.3999981880188,28.64583134651184
679,37.550002336502075,30.000001192092896
680,40.45000076293945,29.479163885116577
681,37.699997425079346,30.520832538604736
682,38.749998807907104,31.354165077209473
683,36.250001192092896,31.354165077209473
684,36.900001764297485,29.16666865348816
685,39.20000195503235,31.458336114883423
686,36.04999780654907,31.041663885116577
687,37.34999895095825,31.041663885116577
688,39.99999761581421,30.31250238418579
689,38.749998807907104,29.6875
690,37.40000128746033,29.479163885116577
691,38.95000219345093,30.31250238418579
692,39.649999141693115,30.416667461395264
693,36.94999814033508,31.25
694,37.09999918937683,31.25
695,37.05000281333923,29.791665077209473
696,37.449997663497925,30.31250238418579
697,35.9000027179718,28.229165077209473
698,38.84999752044678,30.000001192092896
699,39.45000171661377,29.791665077209473
700,37.449997663497925,30.104166269302368
701,36.69999837875366,29.16666865348816
702,37.34999895095825,30.104166269302368
703,38.65000009536743,30.520832538604736
704,40.049999952316284,31.562501192092896
705,38.099998235702515,31.25
706,38.200002908706665,30.520832538604736
707,39.70000147819519,30.833333730697632
708,37.94999718666077,30.937498807907104
709,36.900001764297485,30.000001192092896
710,39.45000171661377,30.20833134651184
711,39.0999972820282,31.77083134651184
712,37.849998474121094,30.72916865348816
713,38.55000138282776,29.16666865348816
714,39.49999809265137,31.041663885116577
715,37.90000081062317,30.62499761581421
716,37.99999952316284,31.145834922790527
717,36.500000953674316,30.416667461395264
718,36.34999990463257,29.791665077209473
719,38.24999928474426,32.499998807907104
720,39.0500009059906,31.041663885116577
721,37.199997901916504,31.458336114883423
722,40.049999952316284,31.145834922790527
723,38.999998569488525,30.833333730697632
724,40.20000100135803,31.041663885116577
725,41.39999747276306,30.62499761581421
726,38.499999046325684,30.104166269302368
727,39.0500009059906,30.000001192092896
728,38.65000009536743,30.104166269302368
729,37.25000023841858,29.270833730697632
730,37.65000104904175,30.104166269302368
731,38.200002908706665,29.895836114883423
732,38.55000138282776,31.979167461395264
733,38.499999046325684,30.937498807907104
734,41.29999876022339,32.083332538604736
735,38.55000138282776,30.833333730697632
736,40.299999713897705,30.416667461395264
737,39.0999972820282,29.6875
738,38.15000057220459,30.000001192092896
739,38.95000219345093,29.16666865348816
740,39.249998331069946,30.31250238418579
741,38.15000057220459,29.16666865348816
742,29.000002145767212,25.729167461395264
743,36.34999990463257,27.49999761581421
744,38.30000162124634,28.854167461395264
745,40.45000076293945,30.000001192092896
746,39.55000042915344,30.000001192092896
747,40.299999713897705,30.31250238418579
748,37.65000104904175,30.833333730697632
749,40.049999952316284,30.104166269302368
750,38.24999928474426,29.479163885116577
751,38.70000243186951,30.31250238418579
752,40.14999866485596,30.000001192092896
753,41.350001096725464,30.000001192092896
754,38.55000138282776,30.72916865348816
755,39.34999704360962,31.562501192092896
756,41.10000133514404,30.937498807907104
757,37.74999976158142,29.895836114883423
758,38.499999046325684,29.16666865348816
759,40.20000100135803,31.145834922790527
760,39.649999141693115,30.000001192092896
761,41.600000858306885,31.77083134651184
762,40.39999842643738,31.354165077209473
763,37.90000081062317,30.31250238418579
764,40.35000205039978,30.62499761581421
765,40.14999866485596,31.562501192092896
766,39.49999809265137,30.520832538604736
767,41.64999723434448,30.62499761581421
768,40.6000018119812,31.458336114883423
769,34.700000286102295,27.08333134651184
770,40.45000076293945,30.31250238418579
771,38.450002670288086,31.77083134651184
772,40.549999475479126,32.18749761581421
773,37.74999976158142,30.937498807907104
774,41.600000858306885,31.979167461395264
775,38.05000185966492,30.416667461395264
776,40.049999952316284,31.666666269302368
777,39.0999972820282,31.77083134651184
778,39.80000019073486,31.041663885116577
779,31.950002908706665,27.18750238418579
780,37.74999976158142,28.854167461395264
781,38.999998569488525,29.374998807907104
782,38.200002908706665,31.562501192092896
783,41.350001096725464,31.562501192092896
784,40.6000018119812,30.62499761581421
785,38.70000243186951,30.31250238418579
786,40.700000524520874,30.20833134651184
787,41.14999771118164,31.041663885116577
788,40.20000100135803,32.18749761581421
789,42.29999780654907,31.87500238418579
790,39.80000019073486,31.77083134651184
791,39.899998903274536,31.041663885116577
792,39.55000042915344,30.937498807907104
793,39.74999785423279,31.145834922790527
794,38.70000243186951,31.041663885116577
795,40.24999737739563,30.000001192092896
796,38.89999985694885,30.416667461395264
797,38.55000138282776,31.458336114883423
798,39.249998331069946,31.666666269302368
799,40.14999866485596,32.083332538604736
800,39.649999141693115,30.31250238418579
801,40.950000286102295,30.20833134651184
802,40.14999866485596,30.937498807907104
803,41.200000047683716,32.18749761581421
804,37.99999952316284,30.62499761581421
805,38.65000009536743,31.666666269302368
806,40.49999713897705,31.458336114883423
807,39.70000147819519,30.62499761581421
808,40.35000205039978,30.72916865348816
809,41.75000190734863,31.87500238418579
810,39.99999761581421,30.937498807907104
811,42.59999990463257,31.979167461395264
812,41.350001096725464,30.104166269302368
813,39.85000252723694,31.458336114883423
814,40.24999737739563,31.77083134651184
815,41.14999771118164,30.416667461395264
816,40.20000100135803,30.72916865348816
817,40.6499981880188,31.562501192092896
818,40.24999737739563,32.18749761581421
819,37.849998474121094,28.958332538604736
820,42.000001668930054,31.354165077209473
821,36.799997091293335,29.791665077209473
822,41.25000238418579,31.041663885116577
823,39.899998903274536,31.354165077209473
824,41.50000214576721,31.77083134651184
825,40.6499981880188,31.354165077209473
826,38.84999752044678,28.958332538604736
827,38.450002670288086,29.895836114883423
828,42.250001430511475,31.354165077209473
829,40.89999794960022,31.666666269302368
830,39.14999961853027,32.083332538604736
831,41.64999723434448,31.145834922790527
832,39.80000019073486,31.458336114883423
833,38.95000219345093,30.416667461395264
834,41.54999852180481,30.31250238418579
835,39.649999141693115,30.104166269302368
836,39.34999704360962,30.20833134651184
837,41.25000238418579,30.520832538604736
838,41.44999980926514,31.25
839,41.10000133514404,31.666666269302368
840,41.14999771118164,31.145834922790527
841,39.14999961853027,28.75000238418579
842,42.650002241134644,30.31250238418579
843,40.49999713897705,31.041663885116577
844,40.35000205039978,31.562501192092896
845,41.25000238418579,31.562501192092896
846,41.04999899864197,32.499998807907104
847,41.29999876022339,30.833333730697632
848,39.0999972820282,29.791665077209473
849,41.04999899864197,30.520832538604736
850,40.700000524520874,30.937498807907104
851,41.200000047683716,30.937498807907104
852,37.65000104904175,28.125
853,42.1999990940094,32.18749761581421
854,42.59999990463257,30.416667461395264
855,43.150001764297485,31.562501192092896
856,40.14999866485596,31.562501192092896
857,42.35000014305115,31.041663885116577
858,40.549999475479126,31.562501192092896
859,41.00000262260437,29.895836114883423
860,41.00000262260437,31.25
861,40.79999923706055,30.20833134651184
862,40.950000286102295,31.666666269302368
863,42.40000247955322,30.937498807907104
864,40.39999842643738,30.20833134651184
865,38.599997758865356,29.895836114883423
866,38.15000057220459,28.958332538604736
867,38.05000185966492,29.270833730697632
868,39.60000276565552,28.958332538604736
869,40.6000018119812,29.6875
870,42.29999780654907,28.75000238418579
871,42.29999780654907,30.937498807907104
872,40.299999713897705,30.104166269302368
873,42.04999804496765,31.77083134651184
874,41.50000214576721,30.72916865348816
875,39.80000019073486,29.791665077209473
876,42.1500027179718,30.937498807907104
877,42.94999837875366,31.041663885116577
878,42.1500027179718,30.20833134651184
879,42.1500027179718,31.979167461395264
880,41.25000238418579,30.937498807907104
881,40.049999952316284,31.666666269302368
882,40.75000286102295,31.145834922790527
883,39.95000123977661,29.895836114883423
884,40.6499981880188,31.145834922790527
885,40.6499981880188,30.31250238418579
886,41.90000295639038,30.62499761581421
887,42.650002241134644,29.791665077209473
888,40.79999923706055,32.60416388511658
889,40.549999475479126,31.458336114883423
890,38.30000162124634,30.416667461395264
891,39.0500009059906,29.479163885116577
892,38.30000162124634,29.270833730697632
893,39.45000171661377,31.25
894,42.35000014305115,32.18749761581421
895,40.049999952316284,31.354165077209473
896,41.600000858306885,30.937498807907104
897,39.85000252723694,31.666666269302368
898,44.349998235702515,30.833333730697632
899,43.049997091293335,33.125001192092896
900,41.850000619888306,30.72916865348816
901,39.95000123977661,30.520832538604736
902,42.10000038146973,32.8125
903,43.65000128746033,31.666666269302368
904,41.54999852180481,30.20833134651184
905,40.950000286102295,30.937498807907104
906,43.65000128746033,31.25
907,38.749998807907104,30.833333730697632
908,41.25000238418579,30.520832538604736
909,41.90000295639038,31.77083134651184
910,41.00000262260437,31.145834922790527
911,43.59999895095825,30.31250238418579
912,40.299999713897705,31.458336114883423
913,30.949997901916504,25.62500238418579
914,38.95000219345093,30.62499761581421
915,40.950000286102295,31.145834922790527
916,38.749998807907104,31.458336114883423
917,41.94999933242798,31.25
918,43.34999918937683,31.458336114883423
919,41.850000619888306,31.145834922790527
920,42.250001430511475,32.083332538604736
921,42.44999885559082,32.499998807907104
922,41.69999957084656,32.18749761581421
923,36.10000014305115,29.791665077209473
924,38.24999928474426,30.833333730697632
925,38.15000057220459,31.87500238418579
926,38.30000162124634,32.60416388511658
927,40.049999952316284,33.125001192092896
928,40.6000018119812,31.979167461395264
929,41.69999957084656,31.666666269302368
930,39.14999961853027,31.666666269302368
931,39.399999380111694,31.77083134651184
932,41.25000238418579,32.18749761581421
933,39.95000123977661,31.979167461395264
934,40.24999737739563,31.87500238418579
935,41.54999852180481,31.354165077209473
936,41.200000047683716,31.77083134651184
937,41.10000133514404,30.937498807907104
938,42.250001430511475,31.562501192092896
939,40.14999866485596,31.562501192092896
940,42.54999756813049,30.833333730697632
941,42.59999990463257,30.833333730697632
942,42.04999804496765,31.666666269302368
943,42.69999861717224,32.60416388511658
944,42.1500027179718,31.562501192092896
945,43.65000128746033,30.937498807907104
946,40.549999475479126,30.31250238418579
947,41.10000133514404,31.562501192092896
948,39.60000276565552,31.979167461395264
949,42.44999885559082,31.145834922790527
950,41.75000190734863,31.145834922790527
951,41.79999828338623,30.20833134651184
952,41.44999980926514,31.25
953,41.94999933242798,31.145834922790527
954,41.90000295639038,32.083332538604736
955,42.84999966621399,31.25
956,41.14999771118164,31.87500238418579
957,39.34999704360962,31.354165077209473
958,45.649999380111694,31.87500238418579
959,40.299999713897705,30.833333730697632
960,43.19999814033508,31.25
961,45.05000114440918,30.72916865348816
962,41.54999852180481,31.666666269302368
963,43.34999918937683,30.833333730697632
964,41.350001096725464,30.416667461395264
965,43.75,30.833333730697632
966,43.30000281333923,30.62499761581421
967,41.200000047683716,31.77083134651184
968,43.34999918937683,32.499998807907104
969,42.94999837875366,32.39583373069763
970,43.75,32.499998807907104
971,43.00000071525574,31.458336114883423
972,42.54999756813049,31.979167461395264
973,42.94999837875366,31.25
974,40.35000205039978,32.18749761581421
975,41.69999957084656,31.77083134651184
976,42.000001668930054,31.87500238418579
977,41.50000214576721,30.31250238418579
978,41.69999957084656,30.104166269302368
979,42.35000014305115,30.416667461395264
980,42.35000014305115,30.416667461395264
981,43.25000047683716,31.666666269302368
982,43.25000047683716,31.354165077209473
983,42.799997329711914,31.458336114883423
984,41.600000858306885,31.77083134651184
985,42.750000953674316,30.937498807907104
986,43.25000047683716,31.145834922790527
987,41.39999747276306,32.499998807907104
988,41.25000238418579,31.25
989,43.90000104904175,30.62499761581421
990,41.29999876022339,29.895836114883423
991,42.250001430511475,31.87500238418579
992,41.39999747276306,30.72916865348816
993,41.69999957084656,29.791665077209473
994,41.200000047683716,29.270833730697632
995,43.800002336502075,31.041663885116577
996,44.700002670288086,31.354165077209473
997,35.79999804496765,27.60416865348816
998,37.25000023841858,28.020834922790527
999,39.70000147819519,29.479163885116577
1000,43.00000071525574,29.791665077209473
